text,suggested_label,label,notes
Tough for Chet to ever become a top-tier guy if the best player on their rival just completely nullifies him,reaction,reaction,
"Lebron James at this point was a video game player, need a thunderous dunk I got u, oh u need me to run down block no problem, and what u have to put into perspective is he was doing this to other top level athletes, like I said video game player 🕹️😱",reaction,reaction,
"Can you imagine how many points he’d have if refs didn’t swallow their whistles for the first 10 years of his career? The only way to stop young LeBron was to force him to shoot OR foul him. He was so strong and athletic that contact didn’t even phase him. Like Shaq, but as Guard rather than a Center.",hot_take,hot_take,
Holy shit,reaction,reaction,
100% wanting the foul there.,reaction,reaction,
"Shit, we thought it about this year’s Thunder team.",reaction,reaction,
"Here to add to the OG hype. He lives in our neighborhood in the off-season and is the most genuinely nice, humble, soft spoken, intelligent young man in the world. Plays with the kids in the neighborhood in their driveways. Just all around great guy.Thrilled to see him have all this well-deserved success and praise. Definitely a role model on and off the court.",reaction,reaction,
"Slight change. If it an obvious flop before the first free throw, the player gets a free foul on the player that flopped.",reaction,reaction,
Get pop out there,reaction,reaction,
He was automatic. It looked like he couldn't even belive some of the 3's he made. Masterclass in calm under pressure.,reaction,reaction,
what was your reason for hating him? was it because you saw him as a threat to your favorite player's legacy?,reaction,reaction,
That send dunk is absolutely insane. Dunkin from that distance through defense and double clutching it is mind-blowing,reaction,reaction,
And that's just what's packing.,reaction,reaction,
HALIBAN AVENGED,reaction,reaction,
Why you say that?,reaction,reaction,
In the replays he clearly got fouled but IDC you have to be extremely stupid to try that shit and deserve to get hacked w no call,reaction,reaction,
Watching him kick his legs out so he lands off balance looks so ridiculous. There are some players in this league that are turning the sport into a joke.,reaction,reaction,
When I was young was when everyone loved Kobe The kids would shoot fadeaway jumpers and yell “Kobe” Then curry came along and kids started chucking up threes from everywhere I wonder if the kids will now start flopping trying to emulate Shai’s game 😂,reaction,reaction,
It wasn't a joke,reaction,reaction,
His roast of Kenny at that draft was classic lol,reaction,reaction,
"Crazy things can happen, so making it a 3 possession game was good.",reaction,reaction,
"As a Mavs fan I've cheered the Knicks as my secondary team since you guys got brunson, but I also fucking hate the spurs. True Mavs fans stand with Knicks fans and that was a complete bat shit crazy experience to watch",reaction,reaction,
That is actually terrifying,reaction,reaction,
"If the Knicks win the chip, this cements OG as finals MVP even if he doesn't play for the rest of the series. The clip doesn't show it, but this tip-in was ONLY made possible by OG's clutch block that happened right before. Legendary stuff.",reaction,reaction,
The French send their regards,reaction,reaction,
They didn’t have a lot of time. The point of the shot was to get a second attempt at scoring. He also had a cleanish shot,reaction,reaction,
WE DON'T HAVE TO WATCH FLOP CITY ANYMORE.,reaction,reaction,
"Honestly disrespectful using a hypothetical Popovich to shame Mitch Johnson for making the finals during his first season as head coach. Pop lost the 2013 finals by benching Tim Duncan on 2 consecutive defensive possessions while league officials were roping off the court to hand him the trophy. Popovich got bounced in the first round as the one seed in 2011 by refusing to play Splitter. Pop is the greatest coach in league history imo, but he was far from perfect. Mitch Johnson has a long way to go to be anywhere close to Pop’s achievements, but he has just as far to go to match Pop’s failures too.",analysis,analysis,
"Well because if you do, then he falls down. You have to adjust for things like that or else it's not fair to Shai.",reaction,reaction,
People say that Miami Lebron was the most athletic version of him but don't remember his first stint with Cleveland. He was genuinely the strongest guy out there while moving lightening quick. I've never seen anything like that since.,reaction,reaction,
reminder that flopping is the product Silver wants. The floppiest flop sport in the world (football/soccer) has pretty much eliminated flopping through rule changes while we get to watch Shai shoot free throws for literally not being touched.,hot_take,hot_take,
this is yalls superstar?,reaction,reaction,
**OG OH MY!**,reaction,reaction,
rudy gay,reaction,reaction,
Absolutely cooked with this one mate,reaction,reaction,
"It's either Kyrie or Allen for sure, game 7 for Kyrie and if Allen doesn't make it they lose the finals, but this one is top 5 at least",hot_take,hot_take,
perhaps we shouldnt be calling teams a dynasty after 1 chip lol,reaction,reaction,
"I think he was more athletic in Miami probably too. He moved similarly to this but was just so damn big. I’ve never been able to find a legit number, but he had to have been at least 260 minimum. Even the freakiest of the freaky athletes do not have that explosiveness at 20lbs less than that",analysis,analysis,
Just bench all your players on defense /s,reaction,reaction,
This league is cooked. Adam silver’s world. We all love this brand of sports. Peak athleticism,reaction,reaction,
Isaiah Thomas,reaction,reaction,
No fucking thank you,reaction,reaction,
probably alex len,reaction,reaction,
We probably still lose the series but wouldn't have blown a 29 point lead,reaction,reaction,
Or some role players,reaction,reaction,
unleash kelly olynyk,reaction,reaction,
Arsenal haram ball and OKC terrorism stopped on one day. Counter terrorists have won,reaction,reaction,
There's rules against it but nobody called that since like 2022.,reaction,reaction,
"i dont really read that many articles from ESPN (or American newspapers in general) but is it common in these type of texts for the author to use ""I"" and ""me"" that often? Like ""I asked"", after a question, for me it seems kinda weird to make yourself (the author) a part of the story, when i started out writing i learned that that was bad style",analysis,analysis,
1) I miss Fred McLeod. 2) This needs to be stickied to the top of r_NBATalk so I can stop seeing posts like “do you think prime LeBron could dunk on Wemby?” The answer is an emphatic yes.,reaction,reaction,
"Any time the topic of his legendary athleticism comes up I just show them this 10 second clip: https://www.youtube.com/watch?v=rQLUvMNRQ-o People who never watched him during the first few years really don't understand. It was *insane* and he never took any nights off, played 48 minutes in games that mattered, etc. It's honestly *unbelievable* how long his career has lasted with how explosive he was. Edit: Another one that just displays his crazy strength. Look how easily he can toss a ball full court. Only other person in this clip who threw it so easily was Dwight Howard (which obviously). https://www.youtube.com/watch?v=xWT0EWiVQPE",reaction,reaction,
I’m honestly thinking it might be better to just not guard him close at all. Just enough space where he can’t just walk in and lay it up obviously but don’t get near him at all otherwise and just make him make the shots. I bet his ppg goes down.,analysis,analysis,
Think of the children watching this game!,reaction,reaction,
Still belongs to JR Smith,reaction,reaction,
"Psssh, I used to pull these moves on my 6ft rim back in middle school",reaction,reaction,
We’re on Reddit my guy,reaction,reaction,
I’m addicted to playing MyGM on 2K so I can’t even imagine getting to do the real thing at the highest level. Pop truly represented the hardworking community of San Antonio.,reaction,reaction,
SGA stands for Always Falling Down,reaction,reaction,
Cue for LeBron alien pasta,hot_take,hot_take,
He's the best player in the series by far .,hot_take,hot_take,
Corgi needs a statue immediately,reaction,reaction,
Chet sucks,reaction,reaction,
"I still think 2013 is peak Bron for me, but the level of size, skill, explosion, speed and balance, thats once a generation. Doesn't even include what i think was the most impressive play where he goes full extension back to thor hammer and oop down on the Wizards in the playoffs.",reaction,reaction,
*The bomb has been defused*,reaction,reaction,
"I disagree. As a neutral who didn’t even consider Breen’s fandom until reading these comments, I thought his reactions throughout the game were just matching what was happening in the court. The home team was historically being dominated in the first part of the game, and his tone matched what was going on in the building. Then as a historic comeback and a legendary play like in this clip happened, he became more and more excited just like us watching at home. (Well, the non-Spurs fans anyway.) I don’t think it was bias. I think it was just legitimately insane things unfolding in front of him.",analysis,analysis,
He’s definitely not a top 2 guard in the league without getting these benefits,hot_take,hot_take,
"Ha, I imagine you got a Thunder rush with ""DO YOU EVEN WATCH THE GAMES?"" Yes, we've been watching, and the Thunder are a huge reason people have been tuning out. For whatever reason Silver and the refs have been rewarding this bullshit. It would make more sense if it was for a big market, but this ref favortism doesn't make sense for a stolen team in a flyover town.",reaction,reaction,
Better than the 96 Bulls they said. Better than the 2017 Warriors. They ain’t even better than the 1996 Sonics 😭😭,reaction,reaction,
He could drive and dunk it every possession if he wanted to,hot_take,hot_take,
hahahahah penis jokes hahahaha,reaction,reaction,
"If he burns like 3 seconds there'd be 9 left not 2.7. I also don't think there's much of a chance to burn that much when OG is only a step behind him. Realistically if he doesn't put the layup up, there's probably 10 seconds left and having to hit 2 FT's. Higher probability he makes the layup than 2 FT's and the time difference is pretty negligible",analysis,analysis,
The Death Star has been eliminated,reaction,reaction,
Shai “Joel Embiid” Gilgeous Alexander,reaction,reaction,
Except I believe Dominique knew he wanted to pick himself from the get go while Charles completely misunderstood the concept of the all-time draft in what I imagine was a very pre planned event It was fantastic “A pick that even surprised Allen Iverson” from Ernie as well,reaction,reaction,
"I said young shaq was the closest freak athlete to LeBron I’ve ever seen live, and the amount of comments and downvotes saying shaq was a bigger freak is staggering. Most upvoted comments being because he broke backboards. I’m not a nephew, I’ve watched both in their athletic prime, and LeBron is on a different level.",hot_take,hot_take,
I don't disagree one bit.,reaction,reaction,
Where's Robert Capa,reaction,reaction,
"Man, I was expecting the triple bang when Brunson shot that three",reaction,reaction,
"He should have called a timeout to calm down his team, everyone in the Spurs looked nervous when the Knicks cut it down to 10 then the morale just completely went downhill after Wemby missed those 2 FTs.",reaction,reaction,
Dog Chet new nickname just dropped 😂,reaction,reaction,
He’s probably the coach besides maybe Doc who is in the media most frequently.,reaction,reaction,
He averaged 30.3 at 37 years old. Prime LeBron is probably averaging 34-35 in this era.,hot_take,hot_take,
"I lived it, it was great Ray Allen in this shit so many times getting his shit blocked lol",reaction,reaction,
Steve Kerr is the Doc Rivers of Steve Kerr’s,hot_take,hot_take,
He played more than 48 minutes per game (due to overtime games and playing almost all of every game he played in),analysis,analysis,
Thunder fans will try and tell you he landed awkwardly on his ankles and fell to keep himself from being injured.,reaction,reaction,
"Removing the whole GOAT conversation, from a purely physical standpoint, LeBron's career is bonkers. The only other person with similar longevity and who started of supremely athletic was Vince Carter and the end of his career he was largely a 3-point shooter off the bench. LeBron is still arguably the most explosive guy on the Lakers",hot_take,hot_take,
"We see here: LeBron James, the all-time leading scorer, a pass first player, with his signature move: the chase-down block. 🐐",reaction,reaction,
how anyone defends this is just stupidity. the dude endangers his own body here landing like this. look at his left foot & ankle when he lands. that's not normal and it will absolutely catch up to him.,reaction,reaction,
I remember when I first started watching basketball thanks to LeBron highlights of him dunking over the hawks in ‘09,reaction,reaction,
Same! I think a common reason was being a fan of one of the other MVP caliber players and not accepting that LeBron was the one. Kinda like how MJ was treated by some fans and players in the late 80s. I was a huge Kobe fan and I regret not appreciating this era of LeBron's career more,reaction,reaction,
Lemon pepper Lou. He likes a good time,reaction,reaction,
THIS IS THE BEST DAY EVER,reaction,reaction,
Ive been saying this all playoffs. Half those dudes built the best stamina in the league for two plus years under thibs,reaction,reaction,
That spin at like 20 seconds seems like OG Shaq dominating the spin into dunk,reaction,reaction,
"While I do agree the Knicks would likely still win the series, it would’ve been 2-2 going back to San Antonio with Spurs having home court advantage again. I know it doesn’t mean much anymore and especially not against NY, but you never know how it would’ve affected the following games.",reaction,reaction,
What is disgusting is that this man has back to back MVPs for this shit,reaction,reaction,
Best pure athlete across all of sports history tbh.,hot_take,hot_take,
I’m in tears,reaction,reaction,
Especially to a man like Pop who is so deeply invested in *life outside basketball*,reaction,reaction,
I'd take AI refs over these clowns at this point,reaction,reaction,
"He had the best line in that whole segment, when Barkley used a pick to select James Worthy and, without any hesitation, [Steve Kerr says ""There's another guy Iverson won't pass to.""](https://youtu.be/QHbdbj4TRfw?si=XXOL_A-1dhNk3urP&t=1061)",reaction,reaction,
Dude was fucking _quick_ too.,reaction,reaction,
Thats just a hard play off foul,reaction,reaction,
50th in education and it’s not close,reaction,reaction,
Biggest shot in Knicks history,reaction,reaction,
"I got really into basketball around 2005-2006 or so. I was immediately given two amazing gifts, the We Believe season as a warriors fan, and then watching LeBron enter the league and take no prisoners. The man was mythological, like Curry in 2016. Every game would leave you with this weird tired sensation in your forehead, because your eyebrows were continually raised as you were thinking what the fuck that's not possible",reaction,reaction,
THE FRENCH SAVING THE WORLD!,reaction,reaction,
"I remember being giddy when him and wade teamed up, they were both at their peaks and anything could happen. A full court alley-oop lob seemed plausible",reaction,reaction,
Don’t say that here on Reddit.,reaction,reaction,
Aye. I could do that.,reaction,reaction,
"My God the Klutch propaganda machine is going into overdrive this off season....if this is what the next few months are going to be, just constantly glazing this fraud, then it's going to be a very long off season",reaction,reaction,
Right “blocked by James” is his greatest play in his career lmao,reaction,reaction,
FUCK YOU FLOPPERS EVERYONE GET IN HERE,reaction,reaction,
That's genuinely sickening,reaction,reaction,
Jordan never did allat,reaction,reaction,
"He already has an awesome playoff buzzer beater against the celtics with the raptors. Two huge game winning last second shots, one in the finals, as a primarily defensive player is a pretty cool legacy",reaction,reaction,
HELL YEAH FUCK THE FLOPPERS!!!,reaction,reaction,
Definitely should have held that ball wtf.,reaction,reaction,
Ya even in the 90s he has always seemed consistently unhappy as a person.,reaction,reaction,
Loan him to NO for a year,reaction,reaction,
"As Lebron said, they simply have more talent.",reaction,reaction,
i don't know how fox is allowed to just stand there,reaction,reaction,
Catching lobs and catching strays,reaction,reaction,
Must be painful to watch how Mitch fumble things in the finals,reaction,reaction,
What folks thought Zion was going to be,reaction,reaction,
My flabbers are forever gasted,reaction,reaction,
Old heads are right! LeBron couldn’t have played in the 90’s. The League would’ve BANNED him for the numbers he would’ve put up 😂,reaction,reaction,
GTA with some huge clutch minutes,reaction,reaction,
And cuter.,reaction,reaction,
Olajuwon vs Magic,hot_take,hot_take,
"Watching the replay in slow motion is so embarrassing with his very practiced fall to the ground. I watched Shaq put his balls in David Robinson’s face over and over again when I was 11 years old. Shit was the most dejected I’ve ever felt as a sports fan, and I’d still choose that 100 times over losing to this clown. Fucking gross.",reaction,reaction,
Jay Rich was mad as hell on that blocked dunk.,reaction,reaction,
Fines? They haven’t fined the Clippers for bypassing the salary cap with Kawhi. The commissioner’s office is useless to the fans and useful for owners .,reaction,reaction,
"the part where kerr talks about wondering how he'll feel a year from now hits different when youve watched pop build that whole spurs culture from nothing. five rings, the international pipeline, the development system - impossible to walk away from cleanly. glad his people stepped up when he couldnt see it himself",reaction,reaction,
Some of these clips don’t even make sense..absolutely mind blowing,reaction,reaction,
"> ""modern equivalent to"" Oof ouch owie my back",reaction,reaction,
I wanna be like Mike,reaction,reaction,
It worked so well the first half.,reaction,reaction,
"So let me get this straight a 6,9 forward with elite speed and power combined with a computer-made brain for bball wasnt created in a lab ? Oh i forgot, he never suffered any type of long lasting injuries. Watching this man play at 42 is a blessing.",reaction,reaction,
"6’9 maybe 6’10. 250-270 depending. plays like a football tight end but the vision of a QB. runs faster than anybody. jumps higher than anybody. when he came into the league, had handles better than almost everybody at his position/size other than maybe Tmac and Kobe. had footwork and the IQ which is such a crazy thing to think about. most guys who are athletic don’t have that at all. think zion or amen thompson or Darius Miles. always made the right play. never played into his defenders hands by trying to prove he could shoot 3s. always tried to use his advantages over the defense never his weaknesses",analysis,analysis,
"I wouldn't feel confident in saying that any athlete ever has been better. If I had to go to bat to say who the best athlete in recorded human history, I'd feel pretty strong in my defense of LeBron. Even if you could find someone else who could run that fast and jump that high, the odds that they were 6'8"" and 250lbs are astronomical. Then when you add in the longevity, it's undeniable in my view.",hot_take,hot_take,
I said this same thing less than a month ago in a thread and got 200 downvotes lmao. It’s not even a debate that elite defenders guard him less physically because of how much bullshit he gets away with,reaction,reaction,
Honestly his injury resistance while being that athletic and explosive might be the most incredible part.,reaction,reaction,
MSG requested a statue between 18’ and 25’ tall. We approved a permit for 25’ in order to make sure that this moment got the proper level of recognition that it deserves. MSG then decided not to do the statue. We now plan to build the statue in Central Park where all Knicks fans can appreciate it. Knicks in five!,reaction,reaction,
keep up the good work,reaction,reaction,
I often say the conditioning on the starters down the stretch is Thibs. He should absolutely get a ring,reaction,reaction,
"Spurs were dog shit before Wemby. 1. coming into work still needs to be fun. 2. No such thing as a coach keeping a job due to legacy, just ask Belichick. So while losing his wife may have kept him coaching,Wemby would’ve extended that runway",hot_take,hot_take,
One of the best athletes in any sport,hot_take,hot_take,
Might be one of the most egregiously dirty plays I have seen. Fox should get a 2 game ban. He might be able to get it downgraded to 1 though.,reaction,reaction,
Russell was an athletic freak.,reaction,reaction,
76 points in the first half and only 30 in the second is diabolical.,reaction,reaction,
Give OG his statue in New York right now!,reaction,reaction,
Refs did just enough to max out the entertainment value. Well done,reaction,reaction,
Absolute heroics by him.,reaction,reaction,
Some try to argue it’s Amen Thompson but I frankly don’t see it,hot_take,hot_take,
"If they played attractive, basketball and respected the game, it wouldn’t be bad. However, they’re negatively impacting the NBA as an entertainment product. From a business standpoint, I don’t understand why OKC are protected so much. Just enforce respect for the rules of the game. This would bring about improvement for the NBA as a “media franchise”.",reaction,reaction,
"""flopping is just part of the game and Shai is just the best at it!""",reaction,reaction,
We need a Haliban vs Shaisis showdown again next year,reaction,reaction,
it was unbelievable how fast he was,reaction,reaction,
"Yeah when you're arguing a losing position where there is clear evidence, you just pretend it doesn't exist and then pop into the threads that back your claims like ""people on this sub who don't know ball still gonna act like Shai is a foul merchant despite this""",hot_take,hot_take,
No amount of championships can outweigh that fact,reaction,reaction,
He had people hear footsteps for years with his chase down blocks. It just always felt like he was going to get there,reaction,reaction,
"Now that you say that, I can't think of even a single pick play by the Spurs.",reaction,reaction,
I miss actual basketball,reaction,reaction,
12/25 in,reaction,reaction,
It doesn't really kill you deep down. Source: I watched the Bruce Bowen era.,reaction,reaction,
Most important play in Knicks history,reaction,reaction,
And Wemby doesn’t know what a pro wants or what a pro needs,reaction,reaction,
"Bruh Bron, especially at Miami, was a 1-5 player. He could play and guard from 1-5 on the court. Wilt could’ve never played the point like that. He’s hand eye coordination and feet movement puts him above Wilt. Bron pretty much had Dwight Howard’s strength too lol. He’s the ultimate athlete.",hot_take,hot_take,
"This is downvoted but it’s closer to the truth. The reality is that Pop was the wrong coach for that team. He was never an X’s and O’s guy but he was a disciplinarian and personality manager. He was the right coach when you already have high IQ guys like Tim, Tony and Manu surrounded by other vets, but when you have kids you need somebody more able to teach the game. Mitch still isn’t it either, you can’t have a coach afraid to hold your guys accountable 1-12. This playoff run was lightning in a bottle but the finals really exposed this teams’ weaknesses for everybody to see. The team has all the talent but keep the score close enough and they’ll beat themselves.",analysis,analysis,
Kornet coming in of the bench with Wemby at 5 Fouls and having the play of the game Vs The league MVP air balling a three and passing away a 3 attempt to a teammate while down 2 scores in the clutch pretty much sums it up,reaction,reaction,
Wembanyama's hatred towards Chet is generational. Respect to Wemby!,reaction,reaction,
"dunked on him twice, one-on-one",reaction,reaction,
"The greater threat was the 3 pointer from Brunson, with the amount of time left, you wouldn't expect there to be time for a rebound and second shot. The default move is to wind clock down and then take on last shot at it to deny them a chance to score. I was surprised at the depth and range of that shot. Brunson taking the shot so early in the time clock and from so deep was a *to me* unexpected move. It had possibly intentional effect of pulling Wemby out to give OG a chance at the rebound/tip-in. The luck factor was that a shot 31 feet away doesn't typically have such a soft bounce. The gifted athlete part was timing that jump and the legendary part was keeping such a soft touch when his adrenaline was at 1000x. Ask Josh Hart about it. Or Wemby. I want Josh Hart to have a chance to get the go ahead score next game. He doesn't need it, it won't change narrative of how awesome he is or how much we love him, just got sense in that interview that he feels he let himself down. And to that I say, Mr. Hart, give yourself some credit, your rebounds won game 1, you had plenty of other clutch moments in this game, and bro, it was closing seconds of a NBA finals historic comeback.wemby choked 2 free throws and threw ball away to lose game 2.",analysis,analysis,
"It was so bittersweet seeing the LeBron look THAT ready for the playoffs. Don't think LA beats OKC regardless, but people said he looked finished as a big contributor. Only for him and the role players to give everything and gut out a series win, keep up with OKC until they always gassed out in the 4th. The most tired, technically lacking LeBron I've ever seen but he just knows how to win. Would've just liked the full squad healthy, Luka and AR completely shift everything. Though every team would feel like that lol",reaction,reaction,
That cannot be true,reaction,reaction,
I saw a ton of these plays live. Nephews will never know the experience of seeing someone on a fastbreak and just knowing Bron was coming for that shit. No other player created that specific anticipation every game,reaction,reaction,
I think they got cocky cause they hit all those 3s in the first half. They all felt they had the hot hand until they all went cold at once,reaction,reaction,
This happens to a lot of greats who have a long career. The public memory focuses more on the end of their careers than the beginning .,analysis,analysis,
This is brilliant. I'd like to start a petition that his new nickname be Toy Story.,reaction,reaction,
Anunoby will be a legend in NYC for the rest of his life,hot_take,hot_take,
"I’d be interested to see a breakdown of the positioning changes with Wemby throughout the series. I didn’t think they adjusted well to him being forced away from the paint, but I suppose they adjusted the way they attacked with their guards and it certainly opened up skip passes to Champagnie in the corner when all the focus is on Wemby",analysis,analysis,
Never seen Wemby rock a durag 😤,reaction,reaction,
What a fucking tip.,reaction,reaction,
"Man those guards tonight were killing us. Champagnie was able to just camp in that corner and spot up and he was on fire, and the Thunder guards just couldn’t keep up. McCain not ready for all those minutes defensively imo. I’m still not seeing Wemby just take over like I think he will in the next year or two, but the guards are playing off of him really well. He just needs to stay healthy and keep improving, but I’m not sure he’ll ever be a physical post up type player. The last couple games, I thought Wemby played like OKC wanted but the guards went off while OKC just couldn’t hit anything",reaction,reaction,
Duality of man and what not,reaction,reaction,
Them and Arsenal both losing today must have been chefs kiss for a lot of people,reaction,reaction,
Superman,reaction,reaction,
Still more impactful than Chet,reaction,reaction,
"This is the NBA realizing how popular rage bait is, and trying to cash in. Right? That’s the only way this makes sense",reaction,reaction,
The comment I came here for,reaction,reaction,
"Our MVP just falling all the damn time even when it doesn't get him FTs most times this playoffs.. Just a disgrace. There is no mechanical reason to do that, you're risking injury do it to yourself. Just a disgrace to the game when he has no need to do it and dominate.",reaction,reaction,
How many jerseys did they have? Dag,reaction,reaction,
"Demarcus Cousins is playing in the goddamn Mongolian league, I doubt he's doing that for his health or the paycheck",reaction,reaction,
Curry still got it in ways ray Allen didn't at that point in his career. It'd be more like shaq going to miami,hot_take,hot_take,
"He saw wemby was on him, he threw a super high arc shot and just hoped his team could rebound for second chance. If wemby was in the paint they have almost no chance at a second chance play.",analysis,analysis,
All of these guys put up these numbers the previous year before joining LeBron ​Luka: 34 / 9 / 10 ​I. Thomas: 29 / 3 / 6 ​Wade: 27 / 5 / 7 ​Love: 26 / 13 / 4 ​A. Davis: 26 / 12 / 4 ​Bosh: 24 / 11 / 2 ​Hughes: 22 / 6 / 5 ​Russ: 22 / 12 / 12 ​Jamison: 22 / 9 / 2 ​Kyrie: 21 / 4 / 6 ​Schröder: 19 / 4 / 4 ​Harrell: 19 / 7 / 2 ​D. Rose: 18 / 4 / 4 ​Shaq: 18 / 8 / 2 ​Big Z: 17 / 8 / 2 ​Dwight*: 17 / 13 / 1,analysis,analysis,
Holy choke of the decade,reaction,reaction,
I’m going to sound like Jordan Stans but f it. Prime LeBron averages a 30 triple double if he plays in the live ball era we’re in now.,hot_take,hot_take,
France 2 - 0 Haramball,reaction,reaction,
He needs a complete overhaul physically. The fact that people let him be as lanky as he was his entire life should be criminal.,reaction,reaction,
Got-dayum....,reaction,reaction,
Ben Simmons. Get generational wealth and become a pro fisherman. Sounds like two skills I want.,reaction,reaction,
OKC bringing the country together,reaction,reaction,
\*THANK YOU TAYLOR SWIFT!\*,reaction,reaction,
"that’s a good one. the lore of the 80s and the career longevity post nba too. either him, giannis or brunson",reaction,reaction,
White Headband LeBron was a menace,reaction,reaction,
Of course it's OG,reaction,reaction,
Shit was absolutely beautiful Seattle is proud tonight,reaction,reaction,
My favorite thing about that too is Gil wasn’t just driving a nice scenic route. This dude was driving on the 405 freeway during rush hour to pass the time which sounds like he was actively choosing to be tortured rather than stay at home,reaction,reaction,
YEEEEEEEEEEEEEEEEEEEEEEEEEEEEEEEEEEEEEEEEEEEEEEEEEEEEEEEEEEEEEEEEEEEEEEEEEEEEEEEEEEEEEEEEEEEEEEEEEEEEEEEEEEEEEEEEEEEEEEEEEEEEEEEEEEEEEEEEEEEEEEEEEEEEEEEEEEEEEEEEEEEEEEEEEEEEEEEEEEEEEEEEEEEEEEEEEEEEEEEEEEEEEEEEEEEEEEEEEEEEEEEEEEEEEEEEEEEEEEEEEEEEESSSSSSSSSSSSSSSSSSSSSSSSSSSSSSSSSSSSSSSSSSSSSSSSSSS,reaction,reaction,
Bron signs a minimum with bronny and Bryce gets drafted,reaction,reaction,
welcome to the off season,reaction,reaction,
Hitler did kill Hitler after all,reaction,reaction,
Fox going for that lay up was horrible. They had the lead and they had to foul you. Horrible play from this young team.,reaction,reaction,
i hate de'aaron fox im sorry,reaction,reaction,
#Fox. #should. #be. #ejaculated. #immediately.,reaction,reaction,
37 in 1 quarter thanks,reaction,reaction,
This is the highlights that make him the goat 🐐,reaction,reaction,
"Athletic Specimen is an understatement, there’s no way Lebron came out of a womb like the rest of us",reaction,reaction,
Curry to SA would be the modern equivalent to Ray Allen to Miami at the end of his career. Steph as an off ball catch and shoot 3 player with the ability to have ball handling responsibilities if needed would actually be ridiculous in San An.,analysis,analysis,
"Deadass happened almost every year since 2021 lmao Bucks, Nuggets, Celtics and Thunder especially I remember vividly dynasty talks for all of them just for them to immediately lose next season and never get back",reaction,reaction,
Knicks have plot armor ngl,reaction,reaction,
"He always acts like he's too cool for the room, but plays the game like a baby back bitch. The league shouldn't be suprised the fans hate his ass.",reaction,reaction,
*with no regard for human life*,reaction,reaction,
Traded away Mikal Bridges who whos from Philly and his mom even worked as an executive with the 76ers for a guy who played handful of games and retired. And of course Harden too. The final 4 are just former Philly players on revenge tour,reaction,reaction,
Haramball in both sports lost,reaction,reaction,
"Only real hole is at center, going as far back as letting TJ walk/trading Jerami and: McConnell, McCain, Butler, Bridges, Jerami Grant, Champagnie, Isaiah Joe, Paul Reed.",reaction,reaction,
Ethical throw back slam at the end to solidify it after refs tried to tie a 12 point deficit with only 1 FG made in 7 minutes Fuck OKC,reaction,reaction,
"That's not true. Our biggest weakness is that we have absolutely no offensive scheme besides ""be better"". We don't do long ball movement chains, we don't really use pick and rolls much. We just rely on one of our guys being able to get into space and then kick it out. Once we stall out we have absolutely nothing to restart our engines, as you saw tonight (and have seen repeatedly throughout the playoffs).",analysis,analysis,
"I will never root for a player to get injured, but dude is asking for it",reaction,reaction,
"He was the most electrifying rookie I saw. He is also still the most electrifying 40 year I’ve ever seen. He was electric in between. What a privilege to watch MJ, Kobe and him in one lifetime. We are lucky.",reaction,reaction,
The Hawks dunk in the half court will never be forgotten. That shit was vicious,reaction,reaction,
Plant some trees you cap circumventing bastids!,reaction,reaction,
The original “He’s just a run and dunk guy”,hot_take,hot_take,
The fuck you dunk at the end was so cathartic and I don't even like the spurs,reaction,reaction,
"People always talk about LeBron being robbed of DPOY in 2012-13, but he was actually already second in DPOY voting in 2008-09, losing only to Dwight who was undoubtedly one of the great defensive players of the last 25 years or so. It was in Miami when he got big enough to truly guard the 5 and thus become genuinely capable of guarding 1-5 but he was already absurdly versatile in his first Cavs stint and was the best help defender/roamer in the league. You think Ausar is an absurd defender? LeBron was like that but faster and more athletic.",analysis,analysis,
Some know it as Persia.,reaction,reaction,
"He wasn’t quiet, he said twice that it wasn’t a foul",reaction,reaction,
THANK THE BASKETBALL GODS,reaction,reaction,
Bro KAT was crying That shit was the greatest most magical comeback oh my word,reaction,reaction,
"Making it a technical would help a lot too, because then repeat offenders like our MVP here is going to start getting suspended after so many times doing it. He is either going to learn and stop, or is going to get himself suspended. I’m fine with either result.",reaction,reaction,
Having seen Space Jam 2 I reckon that LeBron is jealous of SGA's acting ability,hot_take,hot_take,
"Hit 4/4 3 pointers in the 3rd quarter or something allowed our rookie to make his mistakes in the 4th. Champagnie magnet game was due, had one in game 5 too, we always need one of him or Vassell to hit their shots",reaction,reaction,
Prime Lebron was a menace,reaction,reaction,
"But he would be, too",reaction,reaction,
He shat the entire series,reaction,reaction,
"If you genuinely enjoy what you’re doing, “retirement” is boring and torture. He’s probably spent all his life in and around basketball. At some point, it becomes part of their normal life and a place of solace and comfort.",reaction,reaction,
I mean does Shai win 2 MVPs without his generational whistle? Like hes obviously super fucking good at basketball but if he shoots 2ft's a game instead of 8 I'm not sure hes still winning MVPS to be honest,hot_take,hot_take,
