text,true,ft_pred,ft_conf,baseline_pred
"I think he was more athletic in Miami probably too. He moved similarly to this but was just so damn big. I’ve never been able to find a legit number, but he had to have been at least 260 minimum. Even the freakiest of the freaky athletes do not have that explosiveness at 20lbs less than that",analysis,analysis,0.917,analysis
"Can you imagine how many points he’d have if refs didn’t swallow their whistles for the first 10 years of his career? The only way to stop young LeBron was to force him to shoot OR foul him. He was so strong and athletic that contact didn’t even phase him. Like Shaq, but as Guard rather than a Center.",hot_take,hot_take,0.587,hot_take
"When your team used to play shaq, Kobe, LeBron, KD, curry etc you would get dominated and hate them but begrudgingly respect the way they dominated you by being the best at what they do. Now you play OKC and get dominated on the flops and at the free throw line. It’s not impressive to watch or a spectacle. Mans got no aura to his game at all",hot_take,hot_take,0.819,hot_take
Bron signs a minimum with bronny and Bryce gets drafted,reaction,hot_take,0.579,reaction
Best pure athlete across all of sports history tbh.,hot_take,reaction,0.663,hot_take
He's never gonna be a superstar. He wont even reach the level of Harden's popularity. Nobody outside of Oklahoma likes this clown and im speaking all the way from Southeast Asia.,hot_take,reaction,0.483,hot_take
"Man, I was expecting the triple bang when Brunson shot that three",reaction,reaction,0.895,reaction
One of the most underrated aspects of LeBron is that he stayed mostly healthy for a long career with this kind of athleticism and hard style of playing. Most guys who are this explosive and athletic much less at this size run into a major injury at some point. The fact he was like this consistently for over a decade is just mind boggling.,analysis,analysis,0.714,analysis
Lebron actually said that the Solomon Hill ankle injury he suffered in 2021 has permanently damaged his ankle and it’s “never been the same”. Which is to say that it makes his play all the more impressive since he is still a plus player.,analysis,analysis,0.771,analysis
"extremely easy solution would be to have the replay center watch a replay of every shooting foul if it’s an *obvious* flop before the first free throw is shot, it’s reversed to a technical",hot_take,hot_take,0.616,hot_take
Someone explain to me why the fuck Wemby wasn’t in the paint? He’s 7”5 and the coach orders him to guard a guard on the perimeter? Not a coach or pro by any means but even I know that’s stupid. He should be left in that area tied to a chair.,reaction,reaction,0.692,reaction
Corgi needs a statue immediately,reaction,reaction,0.88,reaction
I think a lot of people say Miami Bron was apex Bron. Like he still had his athleticism from his first cleveland days but with a better understanding of the nba game. It was when the mind caught up to the body.,hot_take,hot_take,0.711,analysis
The original “He’s just a run and dunk guy”,hot_take,reaction,0.822,hot_take
Them and Arsenal both losing today must have been chefs kiss for a lot of people,reaction,reaction,0.925,reaction
Holy choke of the decade,reaction,reaction,0.913,reaction
Convinced that some random redditors would have done a better job coaching that 4th quarter including myself. Teams need to find legit coaches instead of filling the position up with the next man up on the coaching roster,hot_take,hot_take,0.679,hot_take
"that’s a good one. the lore of the 80s and the career longevity post nba too. either him, giannis or brunson",reaction,hot_take,0.549,reaction
"I think it's because Russell doesn't get the hyperbolic statements that users here regularly say about Wilt. It gets to the point where people talk about Wilt like some mythical creature that will never be seen again and he's somehow stronger, faster, quicker and jumps higher than any modern player.",analysis,hot_take,0.587,analysis
"Bruh Bron, especially at Miami, was a 1-5 player. He could play and guard from 1-5 on the court. Wilt could’ve never played the point like that. He’s hand eye coordination and feet movement puts him above Wilt. Bron pretty much had Dwight Howard’s strength too lol. He’s the ultimate athlete.",hot_take,analysis,0.906,hot_take
THANK THE BASKETBALL GODS,reaction,reaction,0.934,reaction
"They have so to something about this shit right now, this is ridiculous. If the Spurs find themselves in a discussion where the series is unwinnable I hope they just start throwing themselves all over the floor and make a total farce out of it since it basically already *is*.",reaction,reaction,0.819,(unparseable)
I'm not a spurs fan but man thank God. Shai is the worst MVP I have ever watched play with the absurd flopping. Dude had a wide open three and still jumped 5' sideways into the defender on purpose.,reaction,reaction,0.666,reaction
"That was the argument. You had the much more concentrated dominance of the Celtics, Lakers, kinda Pistons, Bulls, then Lakers. So, the Spurs 'never even going' back to back made the dynasty talk difficult. It wasn't until maybe 2013 did the longevity REALLY get the love.",analysis,hot_take,0.81,analysis
"Retirement boredom, even in non-athletes, is one of the common topics discussed in r/financialindependence behind portfolio checks. Books like Die with Zero are often suggested to people so they can live the most meaningful and least regretful life.",analysis,hot_take,0.515,analysis
"Yeah, most of Wilt's stories are pretty clearly untrue. His weightlifting stuff is almost certainly exaggerated (his reported number would have made him the second-strongest weightlifter in the world while casually doing reps without a warmup), and most of his track and field stuff is completely unverified. Hell, we've got records of college and highschool track for the time, and Wilt isn't anywhere to be found, despite most of his claimed numbers winning events.",analysis,analysis,0.909,analysis
NBA changed the rules to nerf Shaq. He is the only player in the past 30 years that the NBA actively worked against because of how unstoppable he was. Made even more ridiculous that only after Shaq retired that the NBA decided the hack a shaq strategy was degenerate and got rid of it,analysis,hot_take,0.743,analysis
Dog Chet new nickname just dropped 😂,reaction,reaction,0.896,reaction
"Lebron lol. Besides Steph in 2016, prime LeBron was absurd. Basically a 2k my player/create a player dream. I already miss him and he’s still in the league but he’s old. A 6’8 athletic specimen who does not have durability issues and has no weaknesses on offense or defense… that’s what lebron was. 2018 was the most fun I had watching a playoff run for a single player in a long long time. Even though I already like watching Wemby and giannis was cool too, you can tell they are just too big and have durability issues. They also can’t handle the ball close to the way prime LeBron could. I still have yet to see a big forward or big man who did what LeBron did with ball handling, stamina, shooting, passing, defense…",analysis,analysis,0.716,analysis
Especially to a man like Pop who is so deeply invested in *life outside basketball*,reaction,reaction,0.921,reaction
"And the Knicks might well still win. That's up for speculation. There is no doubt that being tied 2-2 is more favorable than being down 1-3. And it's also a fact that the Spurs are the first team in Finals history to blow four double-digit leads. I don't state these things to take away from the Knicks. They won the games. What the hell were they suppose to do? Lose them? But, it's tough to believe that the Spurs wouldn't have been in a better position with a HOF coach.",analysis,hot_take,0.509,analysis
"he could’ve tried to run out as much clock as possible, Knicks would’ve been forced to foul him and give him 2 FTs, potentially putting them up 3pts. instead he takes a stupid ass lay up attempt and gives the ball back to the Knicks with 5 seconds left.",analysis,analysis,0.847,(unparseable)
"> dog Chet This insult seems so obvious in retrospect and yet, I don’t think I’ve seen anybody use it yet. I myself feel like I’m dumb for not thinking of it first. I guess maybe this gives more credence to the argument from oldheads that fundamental moves only seem obvious and easy once they’ve already been invented. Being the first one to invent something before it exists is why the guys who played against “plumbers and milkmen” should be respected more.",hot_take,hot_take,0.718,analysis
